0,1,2,3,4,5,6,7,8,9,10,11,12,13,14,15,16,17,18,19,20,21,22,23,24,25,26,27,28,29,30,31,32,33,34,35,36,37,38,39,40,41,42,43,44,45,46,47,48,49,50,51,52,53,54,55,56,57,58,59,60,61,62,63,64,65,66,67,68,69,70,71,72,73,74,75,76,77,78,79,80,81,82,83,84,85,86,87,88,89
"python讲师
6k-10k",傲梦网络科技,赵女士人事,"Python讲师
5k-10k",傲梦网络科技,招聘者,"Python讲师
8k-13k",金信润天武汉分公司,胡女士人事,"python开发
10k-15k",绛门科技,沈女士人力资源招聘专员,"Python
10k-15k",小码联城,叶先生招聘者,"Python
14k-24k",武汉安天,彭女士人事招聘,"python工程师
10k-15k",武汉水象科技有限公司,李女士招聘主管,"Python讲师/双休/餐补
6k-8k",童创优客科技,干女士招聘专员,"Python-PM
25k-30k",蓝泰源信息技术,李女士招聘者,"python
20k-30k",险峰华兴,李先生HR,"Python
8k-12k",睿之航,李女士HR,"Python工程师
8k-11k",合肥英泽信息科技,汤女士招聘专员,"Python开发工程师
8k-16k",软通动力,杨先生招聘经理,"Python 高级工程师
12k-20k",北京爱一城,陈先生技术经理,"Python后端
10k-20k",爱一城,汪先生招聘者,"Python开发工程师
9k-14k",全品,史先生产品总监,"后端Python开发工程师
10k-20k",旷视科技,黎女士人事经理,"Python程序员
10k-20k",乐谷游戏,盛女士人事专员,"Python爬虫工程师
12k-24k",厚仁科技,CEO,"python开发工程师
10k-20k",全品,朱先生AI教育中心总监,"Python开发工程师
8k-12k",合肥英泽信息科技,蒋女士招聘专员,"Python研发技术
5k-10k·14薪",康博嘉,邱女士武汉分公司人事行政经理,"Python研发工程师
15k-25k",武汉从心,杜先生hrbp,"python中级-高级工程师
15k-25k",易莱信,张女士人事主管,"python高级开发工程师
12k-18k",蓝泰源信息技术,李女士招聘者,"Gis开发工程师（Python方向）
8k-13k",农业大数据研究院,石先生招聘经理,"Python高级开发工程师
12k-18k",蓝泰源信息技术,李女士HRBP经理,"Python开发工程师
8k-15k",北京深瞐,周女士HR,"Python后端开发工程师
15k-25k",厚仁科技,CEO,"python后端开发工程师
10k-18k",华中时讯科技,田女士hr
python讲师,Python讲师,Python讲师,python开发,Python,Python,python工程师,Python讲师/双休/餐补,Python-PM,python,Python,Python工程师,Python开发工程师,Python 高级工程师,Python后端,Python开发工程师,后端Python开发工程师,Python程序员,Python爬虫工程师,python开发工程师,Python开发工程师,Python研发技术,Python研发工程师,python中级-高级工程师,python高级开发工程师,Gis开发工程师（Python方向）,Python高级开发工程师,Python开发工程师,Python后端开发工程师,python后端开发工程师,,,,,,,,,,,,,,,,,,,,,,,,,,,,,,,,,,,,,,,,,,,,,,,,,,,,,,,,,,,,
6k-10k,5k-10k,8k-13k,10k-15k,10k-15k,14k-24k,10k-15k,6k-8k,25k-30k,20k-30k,8k-12k,8k-11k,8k-16k,12k-20k,10k-20k,9k-14k,10k-20k,10k-20k,12k-24k,10k-20k,8k-12k,5k-10k·14薪,15k-25k,15k-25k,12k-18k,8k-13k,12k-18k,8k-15k,15k-25k,10k-18k,,,,,,,,,,,,,,,,,,,,,,,,,,,,,,,,,,,,,,,,,,,,,,,,,,,,,,,,,,,,
